Year,시도,시군구,Value
2001,0.전국,,43.1
2002,0.전국,,44.0
2003,0.전국,,45.2
2004,0.전국,,49.2
2005,0.전국,,56.3
2006,0.전국,,56.6
2007,0.전국,,57.8
2008,0.전국,,59.8
2009,0.전국,,61.1
2010,0.전국,,60.5
2011,0.전국,,59.1
2012,0.전국,,59.1
2013,0.전국,,59.1
2014,0.전국,,59.0
2015,0.전국,,59.2
2016,0.전국,,60.0
2017,0.전국,,61.6
2018,0.전국,,62.0
2019,0.전국,,59.7
2020,0.전국,,59.5
2001,1.수도권,,45.81242426
2002,1.수도권,,47.36240196
2003,1.수도권,,49.14324277
2004,1.수도권,,53.54499046
2005,1.수도권,,60.34212767
2006,1.수도권,,60.64545665
2007,1.수도권,,60.78406431
2008,1.수도권,,63.36860607
2009,1.수도권,,64.8408138
2010,1.수도권,,63.872565
2011,1.수도권,,62.02338519
2012,1.수도권,,63.06148044
2013,1.수도권,,61.49711118
2014,1.수도권,,61.44306548
2015,1.수도권,,62.69925844
2016,1.수도권,,62.41783355
2017,1.수도권,,63.16231436
2018,1.수도권,,63.41471323
2019,1.수도권,,61.29369166
2020,1.수도권,,61.97947669
2001,2.서울특별시,,47.5
2002,2.서울특별시,,48.6
2003,2.서울특별시,,51.2
2004,2.서울특별시,,55.0
2005,2.서울특별시,,64.3
2006,2.서울특별시,,64.3
2007,2.서울특별시,,64.6
2008,2.서울특별시,,65.6
2009,2.서울특별시,,68.1
2010,2.서울특별시,,65.8
2011,2.서울특별시,,63.5
2012,2.서울특별시,,65.3
2013,2.서울특별시,,64.0
2014,2.서울특별시,,66.8
2015,2.서울특별시,,68.9
2016,2.서울특별시,,68.2
2017,2.서울특별시,,67.1
2018,2.서울특별시,,68.0
2019,2.서울특별시,,66.4
2020,2.서울특별시,,66.2
2001,2.서울특별시,강남구,63.9
2002,2.서울특별시,강남구,65.9
2003,2.서울특별시,강남구,63.6
2004,2.서울특별시,강남구,64.8
2005,2.서울특별시,강남구,65.9
2006,2.서울특별시,강남구,65.0
2007,2.서울특별시,강남구,63.3
2008,2.서울특별시,강남구,61.7
2009,2.서울특별시,강남구,61.8
2010,2.서울특별시,강남구,63.8
2011,2.서울특별시,강남구,64.9
2012,2.서울특별시,강남구,69.0
2013,2.서울특별시,강남구,67.0
2014,2.서울특별시,강남구,68.8
2015,2.서울특별시,강남구,66.0
2016,2.서울특별시,강남구,67.1
2017,2.서울특별시,강남구,67.0
2018,2.서울특별시,강남구,65.8
2019,2.서울특별시,강남구,58.9
2020,2.서울특별시,강남구,65.5
2001,2.서울특별시,강동구,59.6
2002,2.서울특별시,강동구,55.7
2003,2.서울특별시,강동구,52.0
2004,2.서울특별시,강동구,56.7
2005,2.서울특별시,강동구,64.3
2006,2.서울특별시,강동구,62.6
2007,2.서울특별시,강동구,62.4
2008,2.서울특별시,강동구,70.7
2009,2.서울특별시,강동구,67.7
2010,2.서울특별시,강동구,52.8
2011,2.서울특별시,강동구,53.7
2012,2.서울특별시,강동구,56.9
2013,2.서울특별시,강동구,53.5
2014,2.서울특별시,강동구,69.9
2015,2.서울특별시,강동구,73.9
2016,2.서울특별시,강동구,78.2
2017,2.서울특별시,강동구,74.6
2018,2.서울특별시,강동구,72.5
2019,2.서울특별시,강동구,67.4
2020,2.서울특별시,강동구,67.5
2001,2.서울특별시,강북구,55.4
2002,2.서울특별시,강북구,53.8
2003,2.서울특별시,강북구,49.5
2004,2.서울특별시,강북구,53.2
2005,2.서울특별시,강북구,66.8
2006,2.서울특별시,강북구,67.3
2007,2.서울특별시,강북구,66.6
2008,2.서울특별시,강북구,70.8
2009,2.서울특별시,강북구,70.7
2010,2.서울특별시,강북구,62.3
2011,2.서울특별시,강북구,64.9
2012,2.서울특별시,강북구,67.8
2013,2.서울특별시,강북구,67.1
2014,2.서울특별시,강북구,64.8
2015,2.서울특별시,강북구,66.3
2016,2.서울특별시,강북구,67.3
2017,2.서울특별시,강북구,68.3
2018,2.서울특별시,강북구,67.4
2019,2.서울특별시,강북구,69.8
2020,2.서울특별시,강북구,60.1
2001,2.서울특별시,강서구,50.6
2002,2.서울특별시,강서구,52.8
2003,2.서울특별시,강서구,60.2
2004,2.서울특별시,강서구,58.7
2005,2.서울특별시,강서구,66.6
2006,2.서울특별시,강서구,63.7
2007,2.서울특별시,강서구,63.1
2008,2.서울특별시,강서구,72.7
2009,2.서울특별시,강서구,78.8
2010,2.서울특별시,강서구,67.0
2011,2.서울특별시,강서구,73.5
2012,2.서울특별시,강서구,71.7
2013,2.서울특별시,강서구,65.6
2014,2.서울특별시,강서구,69.9
2015,2.서울특별시,강서구,70.6
2016,2.서울특별시,강서구,68.4
2017,2.서울특별시,강서구,71.0
2018,2.서울특별시,강서구,70.1
2019,2.서울특별시,강서구,74.4
2020,2.서울특별시,강서구,69.4
2001,2.서울특별시,관악구,34.5
2002,2.서울특별시,관악구,41.6
2003,2.서울특별시,관악구,49.8
2004,2.서울특별시,관악구,57.8
2005,2.서울특별시,관악구,65.7
2006,2.서울특별시,관악구,65.3
2007,2.서울특별시,관악구,68.0
2008,2.서울특별시,관악구,71.3
2009,2.서울특별시,관악구,68.7
2010,2.서울특별시,관악구,47.9
2011,2.서울특별시,관악구,49.0
2012,2.서울특별시,관악구,59.0
2013,2.서울특별시,관악구,57.0
2014,2.서울특별시,관악구,61.6
2015,2.서울특별시,관악구,62.1
2016,2.서울특별시,관악구,62.7
2017,2.서울특별시,관악구,64.0
2018,2.서울특별시,관악구,72.3
2019,2.서울특별시,관악구,72.0
2020,2.서울특별시,관악구,70.4
2001,2.서울특별시,광진구,37.2
2002,2.서울특별시,광진구,52.1
2003,2.서울특별시,광진구,61.4
2004,2.서울특별시,광진구,64.7
2005,2.서울특별시,광진구,73.7
2006,2.서울특별시,광진구,70.4
2007,2.서울특별시,광진구,63.4
2008,2.서울특별시,광진구,65.5
2009,2.서울특별시,광진구,72.7
2010,2.서울특별시,광진구,73.6
2011,2.서울특별시,광진구,74.1
2012,2.서울특별시,광진구,75.1
2013,2.서울특별시,광진구,75.3
2014,2.서울특별시,광진구,73.0
2015,2.서울특별시,광진구,73.8
2016,2.서울특별시,광진구,73.8
2017,2.서울특별시,광진구,75.0
2018,2.서울특별시,광진구,76.9
2019,2.서울특별시,광진구,75.8
2020,2.서울특별시,광진구,69.6
2001,2.서울특별시,구로구,53.2
2002,2.서울특별시,구로구,54.5
2003,2.서울특별시,구로구,58.4
2004,2.서울특별시,구로구,59.0
2005,2.서울특별시,구로구,59.1
2006,2.서울특별시,구로구,63.7
2007,2.서울특별시,구로구,64.9
2008,2.서울특별시,구로구,66.9
2009,2.서울특별시,구로구,67.6
2010,2.서울특별시,구로구,55.2
2011,2.서울특별시,구로구,50.2
2012,2.서울특별시,구로구,53.3
2013,2.서울특별시,구로구,50.2
2014,2.서울특별시,구로구,58.0
2015,2.서울특별시,구로구,56.1
2016,2.서울특별시,구로구,55.7
2017,2.서울특별시,구로구,56.1
2018,2.서울특별시,구로구,54.1
2019,2.서울특별시,구로구,52.4
2020,2.서울특별시,구로구,52.3
2001,2.서울특별시,금천구,56.0
2002,2.서울특별시,금천구,55.0
2003,2.서울특별시,금천구,58.3
2004,2.서울특별시,금천구,59.1
2005,2.서울특별시,금천구,66.2
2006,2.서울특별시,금천구,64.2
2007,2.서울특별시,금천구,63.4
2008,2.서울특별시,금천구,60.1
2009,2.서울특별시,금천구,70.4
2010,2.서울특별시,금천구,69.4
2011,2.서울특별시,금천구,57.9
2012,2.서울특별시,금천구,61.4
2013,2.서울특별시,금천구,54.9
2014,2.서울특별시,금천구,66.4
2015,2.서울특별시,금천구,71.4
2016,2.서울특별시,금천구,71.0
2017,2.서울특별시,금천구,70.3
2018,2.서울특별시,금천구,70.4
2019,2.서울특별시,금천구,69.1
2020,2.서울특별시,금천구,68.7
2001,2.서울특별시,노원구,52.0
2002,2.서울특별시,노원구,58.9
2003,2.서울특별시,노원구,61.9
2004,2.서울특별시,노원구,64.5
2005,2.서울특별시,노원구,65.0
2006,2.서울특별시,노원구,65.7
2007,2.서울특별시,노원구,65.0
2008,2.서울특별시,노원구,64.8
2009,2.서울특별시,노원구,63.8
2010,2.서울특별시,노원구,64.1
2011,2.서울특별시,노원구,60.2
2012,2.서울특별시,노원구,60.8
2013,2.서울특별시,노원구,60.5
2014,2.서울특별시,노원구,66.5
2015,2.서울특별시,노원구,75.6
2016,2.서울특별시,노원구,73.8
2017,2.서울특별시,노원구,74.2
2018,2.서울특별시,노원구,77.1
2019,2.서울특별시,노원구,65.4
2020,2.서울특별시,노원구,71.0
2001,2.서울특별시,도봉구,49.2
2002,2.서울특별시,도봉구,39.5
2003,2.서울특별시,도봉구,44.8
2004,2.서울특별시,도봉구,51.8
2005,2.서울특별시,도봉구,61.2
2006,2.서울특별시,도봉구,77.7
2007,2.서울특별시,도봉구,78.3
2008,2.서울특별시,도봉구,78.2
2009,2.서울특별시,도봉구,76.0
2010,2.서울특별시,도봉구,81.3
2011,2.서울특별시,도봉구,81.2
2012,2.서울특별시,도봉구,81.6
2013,2.서울특별시,도봉구,82.5
2014,2.서울특별시,도봉구,80.4
2015,2.서울특별시,도봉구,77.8
2016,2.서울특별시,도봉구,78.4
2017,2.서울특별시,도봉구,70.8
2018,2.서울특별시,도봉구,73.6
2019,2.서울특별시,도봉구,64.0
2020,2.서울특별시,도봉구,66.1
2001,2.서울특별시,동대문구,39.2
2002,2.서울특별시,동대문구,38.2
2003,2.서울특별시,동대문구,40.9
2004,2.서울특별시,동대문구,50.0
2005,2.서울특별시,동대문구,64.8
2006,2.서울특별시,동대문구,67.6
2007,2.서울특별시,동대문구,66.7
2008,2.서울특별시,동대문구,62.3
2009,2.서울특별시,동대문구,63.2
2010,2.서울특별시,동대문구,68.2
2011,2.서울특별시,동대문구,70.0
2012,2.서울특별시,동대문구,70.7
2013,2.서울특별시,동대문구,70.4
2014,2.서울특별시,동대문구,71.1
2015,2.서울특별시,동대문구,71.4
2016,2.서울특별시,동대문구,72.9
2017,2.서울특별시,동대문구,73.5
2018,2.서울특별시,동대문구,73.5
2019,2.서울특별시,동대문구,72.6
2020,2.서울특별시,동대문구,75.2
2001,2.서울특별시,동작구,43.3
2002,2.서울특별시,동작구,43.3
2003,2.서울특별시,동작구,45.5
2004,2.서울특별시,동작구,54.0
2005,2.서울특별시,동작구,63.4
2006,2.서울특별시,동작구,63.0
2007,2.서울특별시,동작구,59.7
2008,2.서울특별시,동작구,56.0
2009,2.서울특별시,동작구,64.7
2010,2.서울특별시,동작구,63.9
2011,2.서울특별시,동작구,62.2
2012,2.서울특별시,동작구,71.3
2013,2.서울특별시,동작구,69.3
2014,2.서울특별시,동작구,70.3
2015,2.서울특별시,동작구,70.5
2016,2.서울특별시,동작구,67.2
2017,2.서울특별시,동작구,66.3
2018,2.서울특별시,동작구,68.9
2019,2.서울특별시,동작구,71.3
2020,2.서울특별시,동작구,73.0
2001,2.서울특별시,마포구,46.6
2002,2.서울특별시,마포구,46.6
2003,2.서울특별시,마포구,51.8
2004,2.서울특별시,마포구,54.2
2005,2.서울특별시,마포구,68.8
2006,2.서울특별시,마포구,64.3
2007,2.서울특별시,마포구,64.8
2008,2.서울특별시,마포구,64.5
2009,2.서울특별시,마포구,68.4
2010,2.서울특별시,마포구,54.8
2011,2.서울특별시,마포구,56.7
2012,2.서울특별시,마포구,55.5
2013,2.서울특별시,마포구,55.9
2014,2.서울특별시,마포구,72.2
2015,2.서울특별시,마포구,71.8
2016,2.서울특별시,마포구,70.4
2017,2.서울특별시,마포구,69.7
2018,2.서울특별시,마포구,66.9
2019,2.서울특별시,마포구,59.9
2020,2.서울특별시,마포구,59.6
2001,2.서울특별시,서대문구,37.1
2002,2.서울특별시,서대문구,37.8
2003,2.서울특별시,서대문구,43.0
2004,2.서울특별시,서대문구,45.2
2005,2.서울특별시,서대문구,59.5
2006,2.서울특별시,서대문구,56.8
2007,2.서울특별시,서대문구,50.9
2008,2.서울특별시,서대문구,51.9
2009,2.서울특별시,서대문구,65.8
2010,2.서울특별시,서대문구,62.5
2011,2.서울특별시,서대문구,66.4
2012,2.서울특별시,서대문구,62.5
2013,2.서울특별시,서대문구,60.9
2014,2.서울특별시,서대문구,67.4
2015,2.서울특별시,서대문구,67.1
2016,2.서울특별시,서대문구,65.3
2017,2.서울특별시,서대문구,60.4
2018,2.서울특별시,서대문구,61.8
2019,2.서울특별시,서대문구,61.0
2020,2.서울특별시,서대문구,61.6
2001,2.서울특별시,서초구,44.4
2002,2.서울특별시,서초구,45.2
2003,2.서울특별시,서초구,42.5
2004,2.서울특별시,서초구,42.9
2005,2.서울특별시,서초구,50.8
2006,2.서울특별시,서초구,64.3
2007,2.서울특별시,서초구,64.1
2008,2.서울특별시,서초구,66.7
2009,2.서울특별시,서초구,67.0
2010,2.서울특별시,서초구,66.7
2011,2.서울특별시,서초구,67.7
2012,2.서울특별시,서초구,69.2
2013,2.서울특별시,서초구,70.7
2014,2.서울특별시,서초구,69.5
2015,2.서울특별시,서초구,71.5
2016,2.서울특별시,서초구,69.5
2017,2.서울특별시,서초구,70.9
2018,2.서울특별시,서초구,69.4
2019,2.서울특별시,서초구,58.8
2020,2.서울특별시,서초구,59.1
2001,2.서울특별시,성동구,41.4
2002,2.서울특별시,성동구,46.1
2003,2.서울특별시,성동구,52.2
2004,2.서울특별시,성동구,50.0
2005,2.서울특별시,성동구,56.3
2006,2.서울특별시,성동구,59.7
2007,2.서울특별시,성동구,61.1
2008,2.서울특별시,성동구,60.0
2009,2.서울특별시,성동구,64.4
2010,2.서울특별시,성동구,62.8
2011,2.서울특별시,성동구,62.6
2012,2.서울특별시,성동구,64.7
2013,2.서울특별시,성동구,66.3
2014,2.서울특별시,성동구,65.1
2015,2.서울특별시,성동구,69.0
2016,2.서울특별시,성동구,68.5
2017,2.서울특별시,성동구,65.5
2018,2.서울특별시,성동구,66.3
2019,2.서울특별시,성동구,69.7
2020,2.서울특별시,성동구,67.0
2001,2.서울특별시,성북구,50.9
2002,2.서울특별시,성북구,45.3
2003,2.서울특별시,성북구,45.7
2004,2.서울특별시,성북구,50.5
2005,2.서울특별시,성북구,61.8
2006,2.서울특별시,성북구,62.6
2007,2.서울특별시,성북구,68.2
2008,2.서울특별시,성북구,66.8
2009,2.서울특별시,성북구,70.1
2010,2.서울특별시,성북구,67.2
2011,2.서울특별시,성북구,58.5
2012,2.서울특별시,성북구,57.4
2013,2.서울특별시,성북구,57.3
2014,2.서울특별시,성북구,67.0
2015,2.서울특별시,성북구,69.2
2016,2.서울특별시,성북구,70.8
2017,2.서울특별시,성북구,68.9
2018,2.서울특별시,성북구,71.7
2019,2.서울특별시,성북구,74.2
2020,2.서울특별시,성북구,68.0
2001,2.서울특별시,송파구,53.3
2002,2.서울특별시,송파구,56.2
2003,2.서울특별시,송파구,60.8
2004,2.서울특별시,송파구,64.0
2005,2.서울특별시,송파구,72.8
2006,2.서울특별시,송파구,72.4
2007,2.서울특별시,송파구,76.2
2008,2.서울특별시,송파구,74.4
2009,2.서울특별시,송파구,73.8
2010,2.서울특별시,송파구,74.3
2011,2.서울특별시,송파구,70.8
2012,2.서울특별시,송파구,72.6
2013,2.서울특별시,송파구,71.0
2014,2.서울특별시,송파구,65.0
2015,2.서울특별시,송파구,69.1
2016,2.서울특별시,송파구,70.0
2017,2.서울특별시,송파구,67.3
2018,2.서울특별시,송파구,68.1
2019,2.서울특별시,송파구,74.8
2020,2.서울특별시,송파구,74.4
2001,2.서울특별시,양천구,56.6
2002,2.서울특별시,양천구,54.4
2003,2.서울특별시,양천구,58.8
2004,2.서울특별시,양천구,66.9
2005,2.서울특별시,양천구,69.2
2006,2.서울특별시,양천구,69.1
2007,2.서울특별시,양천구,77.2
2008,2.서울특별시,양천구,67.1
2009,2.서울특별시,양천구,68.0
2010,2.서울특별시,양천구,79.6
2011,2.서울특별시,양천구,71.5
2012,2.서울특별시,양천구,63.1
2013,2.서울특별시,양천구,64.9
2014,2.서울특별시,양천구,66.3
2015,2.서울특별시,양천구,69.0
2016,2.서울특별시,양천구,65.1
2017,2.서울특별시,양천구,65.7
2018,2.서울특별시,양천구,67.2
2019,2.서울특별시,양천구,65.0
2020,2.서울특별시,양천구,72.5
2001,2.서울특별시,영등포구,36.1
2002,2.서울특별시,영등포구,37.6
2003,2.서울특별시,영등포구,39.7
2004,2.서울특별시,영등포구,48.2
2005,2.서울특별시,영등포구,61.6
2006,2.서울특별시,영등포구,65.5
2007,2.서울특별시,영등포구,64.2
2008,2.서울특별시,영등포구,68.6
2009,2.서울특별시,영등포구,75.8
2010,2.서울특별시,영등포구,78.0
2011,2.서울특별시,영등포구,62.1
2012,2.서울특별시,영등포구,61.1
2013,2.서울특별시,영등포구,53.5
2014,2.서울특별시,영등포구,55.1
2015,2.서울특별시,영등포구,63.9
2016,2.서울특별시,영등포구,70.7
2017,2.서울특별시,영등포구,67.6
2018,2.서울특별시,영등포구,64.6
2019,2.서울특별시,영등포구,63.8
2020,2.서울특별시,영등포구,66.1
2001,2.서울특별시,용산구,38.0
2002,2.서울특별시,용산구,39.3
2003,2.서울특별시,용산구,39.2
2004,2.서울특별시,용산구,40.4
2005,2.서울특별시,용산구,57.8
2006,2.서울특별시,용산구,53.0
2007,2.서울특별시,용산구,51.7
2008,2.서울특별시,용산구,52.4
2009,2.서울특별시,용산구,66.5
2010,2.서울특별시,용산구,88.8
2011,2.서울특별시,용산구,49.1
2012,2.서울특별시,용산구,53.8
2013,2.서울특별시,용산구,50.4
2014,2.서울특별시,용산구,64.9
2015,2.서울특별시,용산구,64.9
2016,2.서울특별시,용산구,63.7
2017,2.서울특별시,용산구,63.3
2018,2.서울특별시,용산구,66.9
2019,2.서울특별시,용산구,65.1
2020,2.서울특별시,용산구,65.5
2001,2.서울특별시,은평구,44.3
2002,2.서울특별시,은평구,44.2
2003,2.서울특별시,은평구,40.2
2004,2.서울특별시,은평구,40.8
2005,2.서울특별시,은평구,56.9
2006,2.서울특별시,은평구,54.1
2007,2.서울특별시,은평구,50.0
2008,2.서울특별시,은평구,48.6
2009,2.서울특별시,은평구,62.5
2010,2.서울특별시,은평구,49.3
2011,2.서울특별시,은평구,50.4
2012,2.서울특별시,은평구,52.1
2013,2.서울특별시,은평구,52.2
2014,2.서울특별시,은평구,52.7
2015,2.서울특별시,은평구,70.2
2016,2.서울특별시,은평구,52.4
2017,2.서울특별시,은평구,57.4
2018,2.서울특별시,은평구,58.5
2019,2.서울특별시,은평구,60.9
2020,2.서울특별시,은평구,58.6
2001,2.서울특별시,종로구,33.9
2002,2.서울특별시,종로구,39.3
2003,2.서울특별시,종로구,45.9
2004,2.서울특별시,종로구,54.2
2005,2.서울특별시,종로구,70.2
2006,2.서울특별시,종로구,61.3
2007,2.서울특별시,종로구,64.3
2008,2.서울특별시,종로구,63.2
2009,2.서울특별시,종로구,63.0
2010,2.서울특별시,종로구,65.6
2011,2.서울특별시,종로구,63.5
2012,2.서울특별시,종로구,69.6
2013,2.서울특별시,종로구,62.7
2014,2.서울특별시,종로구,62.2
2015,2.서울특별시,종로구,61.8
2016,2.서울특별시,종로구,56.0
2017,2.서울특별시,종로구,60.7
2018,2.서울특별시,종로구,64.7
2019,2.서울특별시,종로구,64.6
2020,2.서울특별시,종로구,58.1
2001,2.서울특별시,중구,48.1
2002,2.서울특별시,중구,44.0
2003,2.서울특별시,중구,47.5
2004,2.서울특별시,중구,47.1
2005,2.서울특별시,중구,55.6
2006,2.서울특별시,중구,55.6
2007,2.서울특별시,중구,55.3
2008,2.서울특별시,중구,65.2
2009,2.서울특별시,중구,59.6
2010,2.서울특별시,중구,54.5
2011,2.서울특별시,중구,56.5
2012,2.서울특별시,중구,59.7
2013,2.서울특별시,중구,64.6
2014,2.서울특별시,중구,62.9
2015,2.서울특별시,중구,63.0
2016,2.서울특별시,중구,62.5
2017,2.서울특별시,중구,50.5
2018,2.서울특별시,중구,56.2
2019,2.서울특별시,중구,54.2
2020,2.서울특별시,중구,55.4
2001,2.서울특별시,중랑구,37.6
2002,2.서울특별시,중랑구,40.9
2003,2.서울특별시,중랑구,41.8
2004,2.서울특별시,중랑구,51.2
2005,2.서울특별시,중랑구,64.6
2006,2.서울특별시,중랑구,54.1
2007,2.서울특별시,중랑구,47.2
2008,2.서울특별시,중랑구,57.9
2009,2.서울특별시,중랑구,72.6
2010,2.서울특별시,중랑구,57.7
2011,2.서울특별시,중랑구,51.9
2012,2.서울특별시,중랑구,56.0
2013,2.서울특별시,중랑구,55.9
2014,2.서울특별시,중랑구,70.9
2015,2.서울특별시,중랑구,73.4
2016,2.서울특별시,중랑구,73.1
2017,2.서울특별시,중랑구,72.9
2018,2.서울특별시,중랑구,71.9
2019,2.서울특별시,중랑구,67.5
2020,2.서울특별시,중랑구,67.1
2001,3.인천광역시,,42.9
2002,3.인천광역시,,41.2
2003,3.인천광역시,,40.9
2004,3.인천광역시,,50.1
2005,3.인천광역시,,50.5
2006,3.인천광역시,,51.3
2007,3.인천광역시,,53.7
2008,3.인천광역시,,61.1
2009,3.인천광역시,,61.4
2010,3.인천광역시,,64.5
2011,3.인천광역시,,64.4
2012,3.인천광역시,,62.0
2013,3.인천광역시,,65.7
2014,3.인천광역시,,55.3
2015,3.인천광역시,,55.0
2016,3.인천광역시,,56.0
2017,3.인천광역시,,58.6
2018,3.인천광역시,,59.8
2019,3.인천광역시,,53.4
2020,3.인천광역시,,64.1
2001,3.인천광역시,강화군,53.4
2002,3.인천광역시,강화군,60.2
2003,3.인천광역시,강화군,62.9
2004,3.인천광역시,강화군,63.2
2005,3.인천광역시,강화군,75.9
2006,3.인천광역시,강화군,46.6
2007,3.인천광역시,강화군,47.2
2008,3.인천광역시,강화군,69.7
2009,3.인천광역시,강화군,62.2
2010,3.인천광역시,강화군,65.4
2011,3.인천광역시,강화군,65.5
2012,3.인천광역시,강화군,72.0
2013,3.인천광역시,강화군,54.3
2014,3.인천광역시,강화군,42.5
2015,3.인천광역시,강화군,46.5
2016,3.인천광역시,강화군,50.9
2017,3.인천광역시,강화군,45.8
2018,3.인천광역시,강화군,72.7
2019,3.인천광역시,강화군,67.7
2020,3.인천광역시,강화군,41.8
2001,3.인천광역시,계양구,51.6
2002,3.인천광역시,계양구,51.1
2003,3.인천광역시,계양구,54.6
2004,3.인천광역시,계양구,50.8
2005,3.인천광역시,계양구,64.3
2006,3.인천광역시,계양구,50.8
2007,3.인천광역시,계양구,66.4
2008,3.인천광역시,계양구,66.1
2009,3.인천광역시,계양구,71.4
2010,3.인천광역시,계양구,69.7
2011,3.인천광역시,계양구,67.0
2012,3.인천광역시,계양구,68.8
2013,3.인천광역시,계양구,67.3
2014,3.인천광역시,계양구,57.5
2015,3.인천광역시,계양구,59.3
2016,3.인천광역시,계양구,61.2
2017,3.인천광역시,계양구,59.3
2018,3.인천광역시,계양구,61.5
2019,3.인천광역시,계양구,59.9
2020,3.인천광역시,계양구,70.2
2001,3.인천광역시,남동구,20.5
2002,3.인천광역시,남동구,28.3
2003,3.인천광역시,남동구,46.8
2004,3.인천광역시,남동구,58.0
2005,3.인천광역시,남동구,60.4
2006,3.인천광역시,남동구,54.4
2007,3.인천광역시,남동구,48.8
2008,3.인천광역시,남동구,55.8
2009,3.인천광역시,남동구,54.1
2010,3.인천광역시,남동구,53.5
2011,3.인천광역시,남동구,54.6
2012,3.인천광역시,남동구,55.8
2013,3.인천광역시,남동구,54.5
2014,3.인천광역시,남동구,59.6
2015,3.인천광역시,남동구,62.1
2016,3.인천광역시,남동구,43.9
2017,3.인천광역시,남동구,63.6
2018,3.인천광역시,남동구,64.7
2019,3.인천광역시,남동구,65.5
2020,3.인천광역시,남동구,67.2
2001,3.인천광역시,동구,33.3
2002,3.인천광역시,동구,46.3
2003,3.인천광역시,동구,36.3
2004,3.인천광역시,동구,38.8
2005,3.인천광역시,동구,59.0
2006,3.인천광역시,동구,62.6
2007,3.인천광역시,동구,54.0
2008,3.인천광역시,동구,74.6
2009,3.인천광역시,동구,77.7
2010,3.인천광역시,동구,75.9
2011,3.인천광역시,동구,80.3
2012,3.인천광역시,동구,76.6
2013,3.인천광역시,동구,58.1
2014,3.인천광역시,동구,59.7
2015,3.인천광역시,동구,57.0
2016,3.인천광역시,동구,62.2
2017,3.인천광역시,동구,63.8
2018,3.인천광역시,동구,83.6
2019,3.인천광역시,동구,59.8
2020,3.인천광역시,동구,56.3
2001,3.인천광역시,미추홀구,58.4
2002,3.인천광역시,미추홀구,50.2
2003,3.인천광역시,미추홀구,40.3
2004,3.인천광역시,미추홀구,43.2
2005,3.인천광역시,미추홀구,35.5
2006,3.인천광역시,미추홀구,51.0
2007,3.인천광역시,미추홀구,54.5
2008,3.인천광역시,미추홀구,49.8
2009,3.인천광역시,미추홀구,61.6
2010,3.인천광역시,미추홀구,70.6
2011,3.인천광역시,미추홀구,63.7
2012,3.인천광역시,미추홀구,63.4
2013,3.인천광역시,미추홀구,62.2
2014,3.인천광역시,미추홀구,54.2
2015,3.인천광역시,미추홀구,53.7
2016,3.인천광역시,미추홀구,56.1
2017,3.인천광역시,미추홀구,54.5
2018,3.인천광역시,미추홀구,54.0
2019,3.인천광역시,미추홀구,52.8
2020,3.인천광역시,미추홀구,48.9
2001,3.인천광역시,부평구,42.0
2002,3.인천광역시,부평구,39.4
2003,3.인천광역시,부평구,31.3
2004,3.인천광역시,부평구,49.3
2005,3.인천광역시,부평구,56.3
2006,3.인천광역시,부평구,52.3
2007,3.인천광역시,부평구,50.0
2008,3.인천광역시,부평구,39.5
2009,3.인천광역시,부평구,49.8
2010,3.인천광역시,부평구,65.4
2011,3.인천광역시,부평구,67.8
2012,3.인천광역시,부평구,52.0
2013,3.인천광역시,부평구,47.5
2014,3.인천광역시,부평구,51.0
2015,3.인천광역시,부평구,51.9
2016,3.인천광역시,부평구,57.9
2017,3.인천광역시,부평구,56.8
2018,3.인천광역시,부평구,58.7
2019,3.인천광역시,부평구,50.3
2020,3.인천광역시,부평구,59.0
2001,3.인천광역시,서구,47.9
2002,3.인천광역시,서구,29.3
2003,3.인천광역시,서구,29.7
2004,3.인천광역시,서구,44.6
2005,3.인천광역시,서구,33.3
2006,3.인천광역시,서구,47.5
2007,3.인천광역시,서구,43.9
2008,3.인천광역시,서구,53.5
2009,3.인천광역시,서구,52.6
2010,3.인천광역시,서구,56.3
2011,3.인천광역시,서구,55.6
2012,3.인천광역시,서구,53.3
2013,3.인천광역시,서구,86.0
2014,3.인천광역시,서구,60.1
2015,3.인천광역시,서구,56.0
2016,3.인천광역시,서구,65.4
2017,3.인천광역시,서구,57.0
2018,3.인천광역시,서구,57.1
2019,3.인천광역시,서구,52.5
2020,3.인천광역시,서구,76.7
2001,3.인천광역시,연수구,35.3
2002,3.인천광역시,연수구,43.1
2003,3.인천광역시,연수구,41.2
2004,3.인천광역시,연수구,53.2
2005,3.인천광역시,연수구,62.1
2006,3.인천광역시,연수구,51.5
2007,3.인천광역시,연수구,58.0
2008,3.인천광역시,연수구,60.0
2009,3.인천광역시,연수구,58.3
2010,3.인천광역시,연수구,65.6
2011,3.인천광역시,연수구,63.8
2012,3.인천광역시,연수구,64.5
2013,3.인천광역시,연수구,60.4
2014,3.인천광역시,연수구,52.8
2015,3.인천광역시,연수구,59.1
2016,3.인천광역시,연수구,56.4
2017,3.인천광역시,연수구,54.9
2018,3.인천광역시,연수구,60.0
2019,3.인천광역시,연수구,70.9
2020,3.인천광역시,연수구,70.1
2001,3.인천광역시,옹진군,32.7
2002,3.인천광역시,옹진군,41.3
2003,3.인천광역시,옹진군,34.6
2004,3.인천광역시,옹진군,27.8
2005,3.인천광역시,옹진군,32.9
2006,3.인천광역시,옹진군,35.8
2007,3.인천광역시,옹진군,51.0
2008,3.인천광역시,옹진군,27.0
2009,3.인천광역시,옹진군,66.1
2010,3.인천광역시,옹진군,63.5
2011,3.인천광역시,옹진군,63.3
2012,3.인천광역시,옹진군,60.6
2013,3.인천광역시,옹진군,49.6
2014,3.인천광역시,옹진군,51.6
2015,3.인천광역시,옹진군,56.1
2016,3.인천광역시,옹진군,52.0
2017,3.인천광역시,옹진군,50.3
2018,3.인천광역시,옹진군,57.6
2019,3.인천광역시,옹진군,60.7
2020,3.인천광역시,옹진군,57.1
2001,3.인천광역시,중구,41.3
2002,3.인천광역시,중구,41.4
2003,3.인천광역시,중구,40.1
2004,3.인천광역시,중구,52.5
2005,3.인천광역시,중구,38.4
2006,3.인천광역시,중구,51.4
2007,3.인천광역시,중구,60.0
2008,3.인천광역시,중구,59.7
2009,3.인천광역시,중구,63.2
2010,3.인천광역시,중구,58.7
2011,3.인천광역시,중구,59.6
2012,3.인천광역시,중구,60.2
2013,3.인천광역시,중구,46.9
2014,3.인천광역시,중구,45.7
2015,3.인천광역시,중구,40.9
2016,3.인천광역시,중구,55.9
2017,3.인천광역시,중구,61.3
2018,3.인천광역시,중구,54.3
2019,3.인천광역시,중구,43.0
2020,3.인천광역시,중구,51.3
2001,4.경기도,,44.2
2002,4.경기도,,47.3
2003,4.경기도,,48.6
2004,4.경기도,,52.5
2005,4.경기도,,57.9
2006,4.경기도,,58.0
2007,4.경기도,,57.9
2008,4.경기도,,61.7
2009,4.경기도,,62.0
2010,4.경기도,,61.9
2011,4.경기도,,60.3
2012,4.경기도,,61.3
2013,4.경기도,,58.3
2014,4.경기도,,57.5
2015,4.경기도,,58.9
2016,4.경기도,,59.1
2017,4.경기도,,61.0
2018,4.경기도,,60.7
2019,4.경기도,,59.3
2020,4.경기도,,58.8
2001,4.경기도,가평군,28.4
2002,4.경기도,가평군,26.3
2003,4.경기도,가평군,27.6
2004,4.경기도,가평군,27.5
2005,4.경기도,가평군,26.0
2006,4.경기도,가평군,49.6
2007,4.경기도,가평군,46.6
2008,4.경기도,가평군,38.9
2009,4.경기도,가평군,24.6
2010,4.경기도,가평군,31.9
2011,4.경기도,가평군,31.9
2012,4.경기도,가평군,45.3
2013,4.경기도,가평군,62.5
2014,4.경기도,가평군,70.5
2015,4.경기도,가평군,71.2
2016,4.경기도,가평군,69.0
2017,4.경기도,가평군,83.2
2018,4.경기도,가평군,77.1
2019,4.경기도,가평군,50.2
2020,4.경기도,가평군,53.6
2001,4.경기도,고양시,38.9
2002,4.경기도,고양시,38.8
2003,4.경기도,고양시,42.5
2004,4.경기도,고양시,48.0
2005,4.경기도,고양시,60.8
2006,4.경기도,고양시,61.4
2007,4.경기도,고양시,62.3
2008,4.경기도,고양시,61.4
2009,4.경기도,고양시,63.6
2010,4.경기도,고양시,64.2
2011,4.경기도,고양시,62.3
2012,4.경기도,고양시,66.4
2013,4.경기도,고양시,63.5
2014,4.경기도,고양시,60.8
2015,4.경기도,고양시,68.3
2016,4.경기도,고양시,65.5
2017,4.경기도,고양시,64.8
2018,4.경기도,고양시,63.1
2019,4.경기도,고양시,67.3
2020,4.경기도,고양시,65.7
2001,4.경기도,과천시,32.4
2002,4.경기도,과천시,32.7
2003,4.경기도,과천시,34.9
2004,4.경기도,과천시,36.9
2005,4.경기도,과천시,44.3
2006,4.경기도,과천시,37.8
2007,4.경기도,과천시,41.0
2008,4.경기도,과천시,37.3
2009,4.경기도,과천시,37.2
2010,4.경기도,과천시,36.8
2011,4.경기도,과천시,36.2
2012,4.경기도,과천시,35.1
2013,4.경기도,과천시,32.6
2014,4.경기도,과천시,30.4
2015,4.경기도,과천시,26.7
2016,4.경기도,과천시,37.5
2017,4.경기도,과천시,32.6
2018,4.경기도,과천시,36.4
2019,4.경기도,과천시,42.0
2020,4.경기도,과천시,44.1
2001,4.경기도,광명시,57.8
2002,4.경기도,광명시,55.8
2003,4.경기도,광명시,52.3
2004,4.경기도,광명시,53.3
2005,4.경기도,광명시,58.2
2006,4.경기도,광명시,38.9
2007,4.경기도,광명시,51.3
2008,4.경기도,광명시,50.9
2009,4.경기도,광명시,50.1
2010,4.경기도,광명시,49.3
2011,4.경기도,광명시,49.3
2012,4.경기도,광명시,48.3
2013,4.경기도,광명시,43.8
2014,4.경기도,광명시,46.2
2015,4.경기도,광명시,53.1
2016,4.경기도,광명시,50.4
2017,4.경기도,광명시,48.4
2018,4.경기도,광명시,49.9
2019,4.경기도,광명시,46.0
2020,4.경기도,광명시,42.5
2001,4.경기도,광주시,52.8
2002,4.경기도,광주시,63.7
2003,4.경기도,광주시,58.5
2004,4.경기도,광주시,56.9
2005,4.경기도,광주시,52.8
2006,4.경기도,광주시,53.2
2007,4.경기도,광주시,59.1
2008,4.경기도,광주시,67.5
2009,4.경기도,광주시,68.2
2010,4.경기도,광주시,66.8
2011,4.경기도,광주시,67.8
2012,4.경기도,광주시,71.5
2013,4.경기도,광주시,67.7
2014,4.경기도,광주시,67.4
2015,4.경기도,광주시,71.7
2016,4.경기도,광주시,71.6
2017,4.경기도,광주시,72.6
2018,4.경기도,광주시,66.3
2019,4.경기도,광주시,51.9
2020,4.경기도,광주시,56.0
2001,4.경기도,구리시,34.9
2002,4.경기도,구리시,45.3
2003,4.경기도,구리시,39.9
2004,4.경기도,구리시,42.7
2005,4.경기도,구리시,51.0
2006,4.경기도,구리시,39.6
2007,4.경기도,구리시,42.2
2008,4.경기도,구리시,49.4
2009,4.경기도,구리시,47.5
2010,4.경기도,구리시,49.0
2011,4.경기도,구리시,44.4
2012,4.경기도,구리시,64.1
2013,4.경기도,구리시,59.2
2014,4.경기도,구리시,64.1
2015,4.경기도,구리시,60.8
2016,4.경기도,구리시,61.2
2017,4.경기도,구리시,50.0
2018,4.경기도,구리시,48.2
2019,4.경기도,구리시,48.5
2020,4.경기도,구리시,56.6
2001,4.경기도,군포시,38.2
2002,4.경기도,군포시,61.3
2003,4.경기도,군포시,62.4
2004,4.경기도,군포시,64.9
2005,4.경기도,군포시,67.7
2006,4.경기도,군포시,63.5
2007,4.경기도,군포시,57.2
2008,4.경기도,군포시,69.0
2009,4.경기도,군포시,60.0
2010,4.경기도,군포시,67.2
2011,4.경기도,군포시,65.4
2012,4.경기도,군포시,70.1
2013,4.경기도,군포시,44.0
2014,4.경기도,군포시,50.5
2015,4.경기도,군포시,51.4
2016,4.경기도,군포시,50.0
2017,4.경기도,군포시,44.8
2018,4.경기도,군포시,43.2
2019,4.경기도,군포시,43.2
2020,4.경기도,군포시,44.1
2001,4.경기도,김포시,56.8
2002,4.경기도,김포시,58.3
2003,4.경기도,김포시,58.1
2004,4.경기도,김포시,67.0
2005,4.경기도,김포시,67.0
2006,4.경기도,김포시,66.0
2007,4.경기도,김포시,64.7
2008,4.경기도,김포시,66.5
2009,4.경기도,김포시,66.3
2010,4.경기도,김포시,68.4
2011,4.경기도,김포시,69.6
2012,4.경기도,김포시,69.5
2013,4.경기도,김포시,62.1
2014,4.경기도,김포시,58.0
2015,4.경기도,김포시,56.7
2016,4.경기도,김포시,45.5
2017,4.경기도,김포시,54.0
2018,4.경기도,김포시,55.4
2019,4.경기도,김포시,39.5
2020,4.경기도,김포시,40.8
2001,4.경기도,남양주시,68.3
2002,4.경기도,남양주시,63.4
2003,4.경기도,남양주시,64.2
2004,4.경기도,남양주시,65.3
2005,4.경기도,남양주시,67.8
2006,4.경기도,남양주시,69.9
2007,4.경기도,남양주시,74.3
2008,4.경기도,남양주시,75.8
2009,4.경기도,남양주시,69.1
2010,4.경기도,남양주시,69.5
2011,4.경기도,남양주시,70.0
2012,4.경기도,남양주시,71.1
2013,4.경기도,남양주시,54.5
2014,4.경기도,남양주시,54.7
2015,4.경기도,남양주시,51.8
2016,4.경기도,남양주시,58.5
2017,4.경기도,남양주시,59.0
2018,4.경기도,남양주시,50.1
2019,4.경기도,남양주시,66.0
2020,4.경기도,남양주시,66.6
2001,4.경기도,동두천시,59.0
2002,4.경기도,동두천시,61.1
2003,4.경기도,동두천시,63.9
2004,4.경기도,동두천시,28.7
2005,4.경기도,동두천시,54.5
2006,4.경기도,동두천시,56.5
2007,4.경기도,동두천시,52.5
2008,4.경기도,동두천시,54.5
2009,4.경기도,동두천시,52.0
2010,4.경기도,동두천시,48.8
2011,4.경기도,동두천시,38.1
2012,4.경기도,동두천시,52.7
2013,4.경기도,동두천시,55.3
2014,4.경기도,동두천시,60.1
2015,4.경기도,동두천시,59.4
2016,4.경기도,동두천시,59.2
2017,4.경기도,동두천시,53.0
2018,4.경기도,동두천시,49.6
2019,4.경기도,동두천시,35.1
2020,4.경기도,동두천시,51.7
2001,4.경기도,부천시,35.2
2002,4.경기도,부천시,48.3
2003,4.경기도,부천시,49.4
2004,4.경기도,부천시,60.2
2005,4.경기도,부천시,56.5
2006,4.경기도,부천시,67.9
2007,4.경기도,부천시,66.7
2008,4.경기도,부천시,69.3
2009,4.경기도,부천시,71.9
2010,4.경기도,부천시,68.9
2011,4.경기도,부천시,68.1
2012,4.경기도,부천시,68.3
2013,4.경기도,부천시,63.2
2014,4.경기도,부천시,65.4
2015,4.경기도,부천시,57.9
2016,4.경기도,부천시,61.1
2017,4.경기도,부천시,65.5
2018,4.경기도,부천시,70.7
2019,4.경기도,부천시,61.4
2020,4.경기도,부천시,47.1
2001,4.경기도,성남시,36.4
2002,4.경기도,성남시,38.0
2003,4.경기도,성남시,41.4
2004,4.경기도,성남시,47.3
2005,4.경기도,성남시,50.0
2006,4.경기도,성남시,62.8
2007,4.경기도,성남시,49.8
2008,4.경기도,성남시,55.9
2009,4.경기도,성남시,56.5
2010,4.경기도,성남시,55.9
2011,4.경기도,성남시,51.6
2012,4.경기도,성남시,52.7
2013,4.경기도,성남시,52.1
2014,4.경기도,성남시,50.2
2015,4.경기도,성남시,55.1
2016,4.경기도,성남시,56.5
2017,4.경기도,성남시,47.6
2018,4.경기도,성남시,48.8
2019,4.경기도,성남시,48.3
2020,4.경기도,성남시,52.2
2001,4.경기도,수원시,55.8
2002,4.경기도,수원시,55.0
2003,4.경기도,수원시,55.1
2004,4.경기도,수원시,57.0
2005,4.경기도,수원시,55.4
2006,4.경기도,수원시,53.5
2007,4.경기도,수원시,54.2
2008,4.경기도,수원시,62.5
2009,4.경기도,수원시,56.3
2010,4.경기도,수원시,58.8
2011,4.경기도,수원시,59.2
2012,4.경기도,수원시,55.6
2013,4.경기도,수원시,59.8
2014,4.경기도,수원시,56.2
2015,4.경기도,수원시,56.3
2016,4.경기도,수원시,59.9
2017,4.경기도,수원시,63.1
2018,4.경기도,수원시,62.3
2019,4.경기도,수원시,52.9
2020,4.경기도,수원시,66.3
2001,4.경기도,시흥시,42.0
2002,4.경기도,시흥시,42.7
2003,4.경기도,시흥시,40.9
2004,4.경기도,시흥시,45.5
2005,4.경기도,시흥시,61.6
2006,4.경기도,시흥시,62.5
2007,4.경기도,시흥시,66.4
2008,4.경기도,시흥시,55.6
2009,4.경기도,시흥시,55.6
2010,4.경기도,시흥시,58.9
2011,4.경기도,시흥시,60.7
2012,4.경기도,시흥시,59.5
2013,4.경기도,시흥시,61.6
2014,4.경기도,시흥시,48.4
2015,4.경기도,시흥시,50.5
2016,4.경기도,시흥시,70.3
2017,4.경기도,시흥시,71.5
2018,4.경기도,시흥시,68.1
2019,4.경기도,시흥시,51.1
2020,4.경기도,시흥시,54.3
2001,4.경기도,안산시,49.7
2002,4.경기도,안산시,35.7
2003,4.경기도,안산시,36.2
2004,4.경기도,안산시,40.6
2005,4.경기도,안산시,51.1
2006,4.경기도,안산시,50.1
2007,4.경기도,안산시,52.4
2008,4.경기도,안산시,52.2
2009,4.경기도,안산시,61.0
2010,4.경기도,안산시,57.5
2011,4.경기도,안산시,50.7
2012,4.경기도,안산시,52.4
2013,4.경기도,안산시,51.4
2014,4.경기도,안산시,56.9
2015,4.경기도,안산시,57.8
2016,4.경기도,안산시,56.4
2017,4.경기도,안산시,54.9
2018,4.경기도,안산시,56.7
2019,4.경기도,안산시,51.8
2020,4.경기도,안산시,50.0
2001,4.경기도,안성시,47.3
2002,4.경기도,안성시,37.2
2003,4.경기도,안성시,51.0
2004,4.경기도,안성시,47.2
2005,4.경기도,안성시,50.2
2006,4.경기도,안성시,36.0
2007,4.경기도,안성시,53.0
2008,4.경기도,안성시,80.2
2009,4.경기도,안성시,77.0
2010,4.경기도,안성시,75.1
2011,4.경기도,안성시,77.4
2012,4.경기도,안성시,74.4
2013,4.경기도,안성시,49.3
2014,4.경기도,안성시,50.5
2015,4.경기도,안성시,49.9
2016,4.경기도,안성시,52.5
2017,4.경기도,안성시,53.9
2018,4.경기도,안성시,61.9
2019,4.경기도,안성시,59.5
2020,4.경기도,안성시,59.7
2001,4.경기도,안양시,33.5
2002,4.경기도,안양시,33.8
2003,4.경기도,안양시,38.4
2004,4.경기도,안양시,43.5
2005,4.경기도,안양시,56.3
2006,4.경기도,안양시,58.8
2007,4.경기도,안양시,46.7
2008,4.경기도,안양시,54.0
2009,4.경기도,안양시,54.1
2010,4.경기도,안양시,55.9
2011,4.경기도,안양시,58.6
2012,4.경기도,안양시,51.7
2013,4.경기도,안양시,57.8
2014,4.경기도,안양시,48.2
2015,4.경기도,안양시,59.0
2016,4.경기도,안양시,55.7
2017,4.경기도,안양시,44.7
2018,4.경기도,안양시,34.1
2019,4.경기도,안양시,33.1
2020,4.경기도,안양시,45.8
2003,4.경기도,양주시,52.0
2004,4.경기도,양주시,61.4
2005,4.경기도,양주시,68.4
2006,4.경기도,양주시,70.0
2007,4.경기도,양주시,64.4
2008,4.경기도,양주시,59.6
2009,4.경기도,양주시,71.9
2010,4.경기도,양주시,72.9
2011,4.경기도,양주시,64.5
2012,4.경기도,양주시,72.7
2013,4.경기도,양주시,74.2
2014,4.경기도,양주시,74.0
2015,4.경기도,양주시,68.3
2016,4.경기도,양주시,72.7
2017,4.경기도,양주시,75.6
2018,4.경기도,양주시,67.8
2019,4.경기도,양주시,53.5
2020,4.경기도,양주시,49.0
2001,4.경기도,양평군,50.3
2002,4.경기도,양평군,53.3
2003,4.경기도,양평군,55.9
2004,4.경기도,양평군,54.0
2005,4.경기도,양평군,59.3
2006,4.경기도,양평군,59.0
2007,4.경기도,양평군,53.6
2008,4.경기도,양평군,63.3
2009,4.경기도,양평군,62.2
2010,4.경기도,양평군,57.2
2011,4.경기도,양평군,60.1
2012,4.경기도,양평군,55.5
2013,4.경기도,양평군,49.8
2014,4.경기도,양평군,39.5
2015,4.경기도,양평군,41.0
2016,4.경기도,양평군,39.9
2017,4.경기도,양평군,37.0
2018,4.경기도,양평군,39.0
2019,4.경기도,양평군,50.2
2020,4.경기도,양평군,53.4
2001,4.경기도,여주시,59.4
2002,4.경기도,여주시,55.9
2003,4.경기도,여주시,57.0
2004,4.경기도,여주시,61.6
2005,4.경기도,여주시,61.6
2006,4.경기도,여주시,65.2
2007,4.경기도,여주시,64.9
2008,4.경기도,여주시,75.9
2009,4.경기도,여주시,75.7
2010,4.경기도,여주시,85.6
2011,4.경기도,여주시,89.1
2012,4.경기도,여주시,79.6
2013,4.경기도,여주시,67.8
2014,4.경기도,여주시,68.8
2015,4.경기도,여주시,76.6
2016,4.경기도,여주시,76.3
2017,4.경기도,여주시,77.7
2018,4.경기도,여주시,82.3
2019,4.경기도,여주시,65.8
2020,4.경기도,여주시,65.9
2001,4.경기도,연천군,57.0
2002,4.경기도,연천군,63.2
2003,4.경기도,연천군,61.7
2004,4.경기도,연천군,64.2
2005,4.경기도,연천군,61.0
2006,4.경기도,연천군,61.5
2007,4.경기도,연천군,60.6
2008,4.경기도,연천군,51.6
2009,4.경기도,연천군,56.9
2010,4.경기도,연천군,54.8
2011,4.경기도,연천군,54.1
2012,4.경기도,연천군,52.6
2013,4.경기도,연천군,47.5
2014,4.경기도,연천군,54.0
2015,4.경기도,연천군,37.3
2016,4.경기도,연천군,19.1
2017,4.경기도,연천군,26.3
2018,4.경기도,연천군,30.4
2019,4.경기도,연천군,73.5
2020,4.경기도,연천군,55.0
2001,4.경기도,오산시,45.4
2002,4.경기도,오산시,53.9
2003,4.경기도,오산시,52.4
2004,4.경기도,오산시,55.1
2005,4.경기도,오산시,61.3
2006,4.경기도,오산시,25.9
2007,4.경기도,오산시,58.1
2008,4.경기도,오산시,58.6
2009,4.경기도,오산시,60.9
2010,4.경기도,오산시,59.3
2011,4.경기도,오산시,64.9
2012,4.경기도,오산시,65.1
2013,4.경기도,오산시,69.9
2014,4.경기도,오산시,65.2
2015,4.경기도,오산시,62.0
2016,4.경기도,오산시,60.9
2017,4.경기도,오산시,56.9
2018,4.경기도,오산시,58.9
2019,4.경기도,오산시,57.0
2020,4.경기도,오산시,50.7
2001,4.경기도,용인시,38.0
2002,4.경기도,용인시,41.3
2003,4.경기도,용인시,47.8
2004,4.경기도,용인시,51.7
2005,4.경기도,용인시,61.3
2006,4.경기도,용인시,62.7
2007,4.경기도,용인시,52.5
2008,4.경기도,용인시,51.6
2009,4.경기도,용인시,52.2
2010,4.경기도,용인시,49.9
2011,4.경기도,용인시,42.6
2012,4.경기도,용인시,41.0
2013,4.경기도,용인시,46.0
2014,4.경기도,용인시,57.1
2015,4.경기도,용인시,59.6
2016,4.경기도,용인시,56.9
2017,4.경기도,용인시,64.1
2018,4.경기도,용인시,71.3
2019,4.경기도,용인시,72.4
2020,4.경기도,용인시,68.1
2001,4.경기도,의왕시,49.5
2002,4.경기도,의왕시,58.0
2003,4.경기도,의왕시,43.5
2004,4.경기도,의왕시,44.8
2005,4.경기도,의왕시,52.3
2006,4.경기도,의왕시,46.7
2007,4.경기도,의왕시,52.1
2008,4.경기도,의왕시,55.2
2009,4.경기도,의왕시,63.2
2010,4.경기도,의왕시,59.3
2011,4.경기도,의왕시,66.9
2012,4.경기도,의왕시,61.0
2013,4.경기도,의왕시,62.0
2014,4.경기도,의왕시,66.4
2015,4.경기도,의왕시,67.3
2016,4.경기도,의왕시,67.2
2017,4.경기도,의왕시,71.5
2018,4.경기도,의왕시,51.1
2019,4.경기도,의왕시,33.7
2020,4.경기도,의왕시,63.0
2001,4.경기도,의정부시,49.0
2002,4.경기도,의정부시,39.4
2003,4.경기도,의정부시,39.8
2004,4.경기도,의정부시,48.0
2005,4.경기도,의정부시,55.5
2006,4.경기도,의정부시,55.1
2007,4.경기도,의정부시,58.4
2008,4.경기도,의정부시,60.8
2009,4.경기도,의정부시,59.8
2010,4.경기도,의정부시,58.5
2011,4.경기도,의정부시,42.8
2012,4.경기도,의정부시,61.6
2013,4.경기도,의정부시,65.4
2014,4.경기도,의정부시,69.3
2015,4.경기도,의정부시,68.4
2016,4.경기도,의정부시,67.0
2017,4.경기도,의정부시,68.1
2018,4.경기도,의정부시,66.0
2019,4.경기도,의정부시,53.8
2020,4.경기도,의정부시,54.2
2001,4.경기도,이천시,32.9
2002,4.경기도,이천시,43.3
2003,4.경기도,이천시,42.2
2004,4.경기도,이천시,43.2
2005,4.경기도,이천시,50.5
2006,4.경기도,이천시,48.9
2007,4.경기도,이천시,59.6
2008,4.경기도,이천시,63.7
2009,4.경기도,이천시,68.8
2010,4.경기도,이천시,68.9
2011,4.경기도,이천시,76.1
2012,4.경기도,이천시,74.9
2013,4.경기도,이천시,43.6
2014,4.경기도,이천시,55.0
2015,4.경기도,이천시,57.3
2016,4.경기도,이천시,72.7
2017,4.경기도,이천시,72.3
2018,4.경기도,이천시,68.7
2019,4.경기도,이천시,76.4
2020,4.경기도,이천시,70.1
2001,4.경기도,파주시,67.0
2002,4.경기도,파주시,68.3
2003,4.경기도,파주시,70.6
2004,4.경기도,파주시,71.0
2005,4.경기도,파주시,71.9
2006,4.경기도,파주시,56.1
2007,4.경기도,파주시,67.2
2008,4.경기도,파주시,72.5
2009,4.경기도,파주시,75.3
2010,4.경기도,파주시,77.3
2011,4.경기도,파주시,70.8
2012,4.경기도,파주시,70.9
2013,4.경기도,파주시,69.6
2014,4.경기도,파주시,66.8
2015,4.경기도,파주시,63.9
2016,4.경기도,파주시,61.0
2017,4.경기도,파주시,47.6
2018,4.경기도,파주시,62.6
2019,4.경기도,파주시,63.2
2020,4.경기도,파주시,69.3
2001,4.경기도,평택시,25.5
2002,4.경기도,평택시,56.7
2003,4.경기도,평택시,58.1
2004,4.경기도,평택시,53.5
2005,4.경기도,평택시,61.4
2006,4.경기도,평택시,59.2
2007,4.경기도,평택시,61.3
2008,4.경기도,평택시,61.2
2009,4.경기도,평택시,65.1
2010,4.경기도,평택시,68.3
2011,4.경기도,평택시,66.4
2012,4.경기도,평택시,71.3
2013,4.경기도,평택시,67.4
2014,4.경기도,평택시,62.6
2015,4.경기도,평택시,61.7
2016,4.경기도,평택시,55.8
2017,4.경기도,평택시,63.2
2018,4.경기도,평택시,65.5
2019,4.경기도,평택시,76.7
2020,4.경기도,평택시,93.9
2003,4.경기도,포천시,46.3
2004,4.경기도,포천시,56.6
2005,4.경기도,포천시,64.1
2006,4.경기도,포천시,63.6
2007,4.경기도,포천시,64.8
2008,4.경기도,포천시,65.2
2009,4.경기도,포천시,62.6
2010,4.경기도,포천시,62.1
2011,4.경기도,포천시,62.8
2012,4.경기도,포천시,58.3
2013,4.경기도,포천시,62.3
2014,4.경기도,포천시,61.4
2015,4.경기도,포천시,82.5
2016,4.경기도,포천시,63.4
2017,4.경기도,포천시,47.3
2018,4.경기도,포천시,22.7
2019,4.경기도,포천시,68.4
2020,4.경기도,포천시,47.3
2001,4.경기도,하남시,44.2
2002,4.경기도,하남시,42.4
2003,4.경기도,하남시,41.5
2004,4.경기도,하남시,42.1
2005,4.경기도,하남시,57.8
2006,4.경기도,하남시,61.1
2007,4.경기도,하남시,59.4
2008,4.경기도,하남시,60.0
2009,4.경기도,하남시,66.3
2010,4.경기도,하남시,51.1
2011,4.경기도,하남시,65.3
2012,4.경기도,하남시,62.4
2013,4.경기도,하남시,70.7
2014,4.경기도,하남시,32.7
2015,4.경기도,하남시,26.7
2016,4.경기도,하남시,26.2
2017,4.경기도,하남시,64.7
2018,4.경기도,하남시,81.9
2019,4.경기도,하남시,49.6
2020,4.경기도,하남시,53.2
2001,4.경기도,화성시,70.4
2002,4.경기도,화성시,73.2
2003,4.경기도,화성시,76.2
2004,4.경기도,화성시,76.6
2005,4.경기도,화성시,79.1
2006,4.경기도,화성시,72.1
2007,4.경기도,화성시,74.1
2008,4.경기도,화성시,75.2
2009,4.경기도,화성시,75.7
2010,4.경기도,화성시,70.4
2011,4.경기도,화성시,69.9
2012,4.경기도,화성시,72.5
2013,4.경기도,화성시,64.3
2014,4.경기도,화성시,65.8
2015,4.경기도,화성시,53.6
2016,4.경기도,화성시,55.5
2017,4.경기도,화성시,70.8
2018,4.경기도,화성시,62.6
2019,4.경기도,화성시,62.4
2020,4.경기도,화성시,52.7
